Name,
Six Flags New England,
Volleyball Hall of Fame,
Naismith Memorial Basketball Hall of Fame,
New England Patriots Hall of Fame,
O-Ya,
TD Garden,
Entrepreneur Walk of Fame,
Mr. Bartley's Burger Cottage,
Craigie on Main,
America's Cup Hall of Fame,
International Tennis Hall of Fame,
Fore Street,
Ted's Restaurant,
Louis? Lunch,
White Manna Hamburgers,
Aviation Hall of Fame and Museum of New Jersey,
Blue Hill at Stone Barns,
Madison Square Garden,
Irish American Baseball Hall of Fame,
NoMad,
wd~50,
Gotham Bar & Grill,
Ippudo,
ABC Kitchen,
Gramercy Tavern,
Alder,
Momofuku Ssam Bar,
Momofuku Ko,
Brindle Room,
Eleven Madison Park,
Del Posto,
Six Flags Great Adventure,
Babbo Ristorante,
Il Buco Alimentari & Vineria,
Minetta Tavern,
Nobu,
Sushi Nakazawa,
The Spotted Pig,
Corner Bistro,
The Little Owl,
Sushi Yasuda,
American Theater Hall of Fame,
Masa,
Le Bernardin,
Marea,
Betony,
Per Se,
Jean Georges,
Verizon 999 W Main St,
The Apollo Theatre Hall of Fame,
Lexington Candy Shop,
Daniel,
Hall of Fame for Great Americans,
Bronx Walk of Fame,
Rye Playland,
Blue Hill at Stone Barns,
Harness Racing Museum & Hall of Fame,
Chef's Table at Brooklyn Fare,
Peter Luger,
Al Di La,
Barclays Center,
The Elm,
New York Mets Hall of Fame,
National Jewish Sports Hall of Fame and Museum,
Adventureland Amusement Park,
Splish Splash,
The Great Escape & Splashwater Kingdom,
Magic Forest,
National Museum of Dance and Hall of Fame,
U.S. National Museum of Racing and Hall of Fame,
International Boxing Hall of Fame,
National Women's Hall of Fame,
National Baseball Hall of Fame and Museum,
National Distance Running Hall of Fame,
National Soccer Hall of Fame,
National Toy Hall of Fame,
Seabreeze Amusement Park,
Kennywood,
Robot Hall of Fame,
Vocal Group Hall of Fame,
Hersheypark,
Dutch Wonderland,
Knoebels Amusement Resort,
Dorney Park and Wildwater Kingdom,
Sesame Place,
Zahav,
Vetri,
Sketch Burger,
Wells Fargo Center,
Philadelphia Baseball Wall of Fame,
Hardcore Hall of Fame,
USA Field Hockey Hall of Fame,
Delaware Sports Museum and Hall of Fame,
Zaytinya,
Verizon Center,
Minibar by Jose Andres,
Rasika,
CityZen,
Komi,
NASA Headquarters,
Six Flags America,
Goddard Space Flight Center,
Lacrosse Museum and National Hall of Fame,
Ray?s to the Third,
Inn at Little Washington,
Kings Dominion,
Busch Gardens Williamsburg,
Water Country USA,
Goddard Wallops Flight Facility,
Langely Research Center,
Virginia Air & Space Center,
Virginia Sports Hall of Fame and Museum,
Goddard IV and V Facility,
North Carolina Sports Hall of Fame,
NASCAR Hall of Fame,
Camp Wilderness Resort,
Time Warner Cable Arena,
Husk,
FIG,
McCrady's,
Hominy Grill,
Six Flags Over Georgia,
Philips Arena,
The Varsity,
Holeman & Finch Public House,
The Vortex,
College Football Hall of Fame,
Atlanta Braves Museum and Hall of Fame,
Bacchanalia,
Georgia Sports Hall of Fame,
